dataset,hex,percent
Brazil,#A18C6D,89.593
Brazil,#4E8268,83.4046
Brazil,#EDC868,79.0359
Brazil,#E4E3DC,76.2145
Brazil,#C1BC8C,74.4213
Brazil,#D4B595,66.5479
Brazil,#79A2A9,66.4852
Brazil,#BDC0B0,62.7229
Brazil,#DCBA86,57.2127
Brazil,#FCE11F,56.5672
Brazil,#F0E5DC,55.4967
Brazil,#E9D896,54.7929
Brazil,#E5D208,52.3652
Brazil,#FBC704,49.2488
Brazil,#092E7B,48.2101
Brazil,#A2AD82,47.871
Brazil,#ECD69D,47.6142
Brazil,#5F8AB1,46.9344
Brazil,#BF8D79,45.9929
Brazil,#C4BAA1,44.9799
Egypt,#BE8C85,92.5389
Egypt,#ECD0C8,84.895
Egypt,#CAF4F4,83.1759
Egypt,#D4C1AE,76.9907
Egypt,#F9F5EB,76.7828
Egypt,#EFE5C8,76.1394
Egypt,#D5AF87,74.6214
Egypt,#C5B2A0,73.7194
Egypt,#ECD0A8,71.4959
Egypt,#8A3D1E,71.3909
Egypt,#9D6C6C,68.5973
Egypt,#FBFCF6,67.9484
Egypt,#F9EEC8,64.5515
Egypt,#DBB88C,62.5848
Egypt,#F3EFE2,62.0499
Egypt,#E2E1DB,58.5758
Egypt,#E7DC59,57.7763
Egypt,#CBB994,57.5283
Egypt,#C42F3D,56.0976
Egypt,#A3AC5B,55.3688
Finland,#E1CFA8,93.5426
Finland,#CCC1AC,82.7165
Finland,#E8E2CD,82.4007
Finland,#DBC6A5,79.7268
Finland,#412820,77.126
Finland,#DAD9D6,72.0675
Finland,#3A7BB2,67.4435
Finland,#030302,64.917
Finland,#CDBBA5,62.1274
Finland,#192425,59.2674
Finland,#100E7C,57.374
Finland,#438897,57.2162
Finland,#C4C3B9,56.7223
Finland,#B9D2D7,56.2978
Finland,#F0E6B8,54.7775
Finland,#4A54B1,54.6797
Finland,#E8D6CC,54.4263
Finland,#448B9A,54.0177
Finland,#393E56,53.5677
Finland,#F6FBFA,51.7045